{"spend":12.28,"impressions":5215,"clicks":294,"linkClicks":215,"igFollowers":371,"siteVisits":157,"siteUsers":152,"ctr":5.6375838926174495,"cpc":0.041768707482993196}