{"spend":225.68,"impressions":35111,"clicks":1023,"linkClicks":649,"igFollowers":372,"siteVisits":253,"siteUsers":242,"ctr":2.9136168152430866,"cpc":0.2206060606060606}