{"spend":2.07,"impressions":1303,"clicks":58,"linkClicks":54,"igFollowers":372,"siteVisits":0,"siteUsers":0,"ctr":4.451266308518802,"cpc":0.03568965517241379}