{"spend":10.45,"impressions":6378,"clicks":365,"linkClicks":345,"igFollowers":371,"siteVisits":0,"siteUsers":0,"ctr":5.7227971150830985,"cpc":0.028630136986301367}