{"spend":1.12,"impressions":382,"clicks":17,"linkClicks":14,"igFollowers":372,"siteVisits":0,"siteUsers":0,"ctr":4.450261780104712,"cpc":0.06588235294117648}