{"spend":222.01999999999998,"impressions":33248,"clicks":941,"linkClicks":574,"igFollowers":372,"siteVisits":253,"siteUsers":242,"ctr":2.830245428296439,"cpc":0.2359404888416578}