{"spend":225.62,"impressions":35095,"clicks":1022,"linkClicks":648,"igFollowers":372,"siteVisits":253,"siteUsers":242,"ctr":2.912095740133922,"cpc":0.22076320939334637}