{"spend":7.09,"impressions":4213,"clicks":255,"linkClicks":238,"igFollowers":372,"siteVisits":0,"siteUsers":0,"ctr":6.052694042250177,"cpc":0.02780392156862745}