{"spend":18.96,"impressions":7438,"clicks":401,"linkClicks":297,"igFollowers":372,"siteVisits":247,"siteUsers":237,"ctr":5.391234202742673,"cpc":0.04728179551122195}