{"spend":233.64000000000001,"impressions":40484,"clicks":1346,"linkClicks":959,"igFollowers":372,"siteVisits":253,"siteUsers":242,"ctr":3.3247702796166387,"cpc":0.1735809806835067}