{"spend":231.86,"impressions":39021,"clicks":1265,"linkClicks":877,"igFollowers":372,"siteVisits":253,"siteUsers":242,"ctr":3.2418441352092464,"cpc":0.18328853754940713}