{"spend":6.83,"impressions":3987,"clicks":236,"linkClicks":217,"igFollowers":372,"siteVisits":0,"siteUsers":0,"ctr":5.919237521946326,"cpc":0.028940677966101697}