{"spend":6.35,"impressions":3632,"clicks":210,"linkClicks":197,"igFollowers":372,"siteVisits":0,"siteUsers":0,"ctr":5.781938325991189,"cpc":0.030238095238095238}