{"spend":0.9,"impressions":303,"clicks":13,"linkClicks":10,"igFollowers":372,"siteVisits":0,"siteUsers":0,"ctr":4.29042904290429,"cpc":0.06923076923076923}