{"spend":225.46,"impressions":35050,"clicks":1019,"linkClicks":646,"igFollowers":372,"siteVisits":253,"siteUsers":242,"ctr":2.907275320970043,"cpc":0.22125613346418058}