{"spend":1.28,"impressions":1003,"clicks":43,"linkClicks":42,"igFollowers":372,"siteVisits":0,"siteUsers":0,"ctr":4.287138584247258,"cpc":0.029767441860465118}