{"spend":224.22,"impressions":34581,"clicks":1001,"linkClicks":631,"igFollowers":372,"siteVisits":253,"siteUsers":242,"ctr":2.8946531332234464,"cpc":0.223996003996004}