{"spend":2.45,"impressions":989,"clicks":47,"linkClicks":42,"igFollowers":372,"siteVisits":0,"siteUsers":0,"ctr":4.752275025278059,"cpc":0.05212765957446809}