{"spend":229.57,"impressions":37294,"clicks":1136,"linkClicks":742,"igFollowers":372,"siteVisits":253,"siteUsers":242,"ctr":3.046066391376629,"cpc":0.2020862676056338}