{"spend":233.65,"impressions":40490,"clicks":1346,"linkClicks":959,"igFollowers":372,"siteVisits":253,"siteUsers":242,"ctr":3.324277599407261,"cpc":0.17358841010401188}