{"spend":30.71,"impressions":14833,"clicks":810,"linkClicks":685,"igFollowers":372,"siteVisits":244,"siteUsers":234,"ctr":5.4607968718398165,"cpc":0.03791358024691358}