{"spend":233.66,"impressions":40499,"clicks":1347,"linkClicks":960,"igFollowers":372,"siteVisits":253,"siteUsers":242,"ctr":3.3260080495814712,"cpc":0.17346696362286562}