{"spend":21.82,"impressions":9141,"clicks":473,"linkClicks":364,"igFollowers":372,"siteVisits":246,"siteUsers":236,"ctr":5.174488567990373,"cpc":0.04613107822410148}