{"spend":9.97,"impressions":4344,"clicks":276,"linkClicks":203,"igFollowers":371,"siteVisits":0,"siteUsers":0,"ctr":6.353591160220995,"cpc":0.036123188405797105}