{"spend":225.28,"impressions":34982,"clicks":1018,"linkClicks":645,"igFollowers":372,"siteVisits":253,"siteUsers":242,"ctr":2.9100680349894232,"cpc":0.22129666011787819}