{"spend":2.96,"impressions":1192,"clicks":84,"linkClicks":64,"igFollowers":371,"siteVisits":49,"siteUsers":49,"ctr":7.046979865771812,"cpc":0.035238095238095235}