{"spend":227.22,"impressions":35797,"clicks":1057,"linkClicks":681,"igFollowers":372,"siteVisits":253,"siteUsers":242,"ctr":2.9527614045869766,"cpc":0.21496688741721853}