{"spend":225.73000000000002,"impressions":35128,"clicks":1024,"linkClicks":650,"igFollowers":372,"siteVisits":253,"siteUsers":242,"ctr":2.9150535185606925,"cpc":0.22043945312500002}