{"spend":225.89,"impressions":35188,"clicks":1027,"linkClicks":653,"igFollowers":372,"siteVisits":253,"siteUsers":242,"ctr":2.918608616573832,"cpc":0.2199513145082765}