{"spend":225.15,"impressions":34934,"clicks":1018,"linkClicks":643,"igFollowers":372,"siteVisits":253,"siteUsers":242,"ctr":2.914066525447988,"cpc":0.22116895874263262}