{"spend":233.64000000000001,"impressions":40482,"clicks":1345,"linkClicks":958,"igFollowers":372,"siteVisits":253,"siteUsers":242,"ctr":3.322464305123265,"cpc":0.1737100371747212}