{"spend":233.66,"impressions":40500,"clicks":1347,"linkClicks":960,"igFollowers":372,"siteVisits":0,"siteUsers":0,"ctr":3.325925925925926,"cpc":0.17346696362286562}