{"spend":224.31,"impressions":34607,"clicks":1001,"linkClicks":631,"igFollowers":372,"siteVisits":253,"siteUsers":242,"ctr":2.892478400323634,"cpc":0.22408591408591408}