{"spend":7.22,"impressions":4326,"clicks":266,"linkClicks":250,"igFollowers":372,"siteVisits":0,"siteUsers":0,"ctr":6.148867313915858,"cpc":0.027142857142857142}