{"spend":0.96,"impressions":322,"clicks":14,"linkClicks":11,"igFollowers":372,"siteVisits":0,"siteUsers":0,"ctr":4.3478260869565215,"cpc":0.06857142857142857}