{"spend":231.74,"impressions":38918,"clicks":1255,"linkClicks":868,"igFollowers":372,"siteVisits":253,"siteUsers":242,"ctr":3.2247289172105456,"cpc":0.18465338645418328}