{"spend":224.64,"impressions":34745,"clicks":1006,"linkClicks":633,"igFollowers":372,"siteVisits":253,"siteUsers":242,"ctr":2.895380630306519,"cpc":0.22330019880715704}