{"spend":2.4,"impressions":1502,"clicks":63,"linkClicks":59,"igFollowers":372,"siteVisits":0,"siteUsers":0,"ctr":4.194407456724368,"cpc":0.03809523809523809}