{"spend":231.60000000000002,"impressions":38795,"clicks":1246,"linkClicks":857,"igFollowers":372,"siteVisits":253,"siteUsers":242,"ctr":3.2117540920221677,"cpc":0.18587479935794543}