{"spend":1.28,"impressions":1001,"clicks":42,"linkClicks":41,"igFollowers":372,"siteVisits":0,"siteUsers":0,"ctr":4.195804195804196,"cpc":0.030476190476190476}