{"spend":11.75,"impressions":7395,"clicks":409,"linkClicks":388,"igFollowers":372,"siteVisits":0,"siteUsers":0,"ctr":5.530764029749831,"cpc":0.028728606356968216}