{"spend":2.86,"impressions":1701,"clicks":72,"linkClicks":67,"igFollowers":372,"siteVisits":2,"siteUsers":2,"ctr":4.232804232804233,"cpc":0.03972222222222222}