{"spend":222.8,"impressions":33558,"clicks":947,"linkClicks":576,"igFollowers":372,"siteVisits":253,"siteUsers":242,"ctr":2.821979855772096,"cpc":0.23526927138331574}