{"spend":6.61,"impressions":3801,"clicks":224,"linkClicks":208,"igFollowers":372,"siteVisits":0,"siteUsers":0,"ctr":5.893186003683241,"cpc":0.02950892857142857}