{"spend":224.22,"impressions":34578,"clicks":1001,"linkClicks":631,"igFollowers":372,"siteVisits":253,"siteUsers":242,"ctr":2.8949042743941233,"cpc":0.223996003996004}