{"spend":6.07,"impressions":3428,"clicks":198,"linkClicks":180,"igFollowers":372,"siteVisits":0,"siteUsers":0,"ctr":5.775962660443407,"cpc":0.03065656565656566}