{"spend":1.3,"impressions":1017,"clicks":44,"linkClicks":43,"igFollowers":371,"siteVisits":0,"siteUsers":0,"ctr":4.3264503441494595,"cpc":0.029545454545454545}