{"spend":232.12,"impressions":39262,"clicks":1284,"linkClicks":898,"igFollowers":372,"siteVisits":253,"siteUsers":242,"ctr":3.270337731139524,"cpc":0.18077881619937694}