{"spend":231.38,"impressions":38609,"clicks":1234,"linkClicks":847,"igFollowers":372,"siteVisits":253,"siteUsers":242,"ctr":3.1961459763267634,"cpc":0.18750405186385738}