{"spend":27.68,"impressions":13843,"clicks":770,"linkClicks":656,"igFollowers":372,"siteVisits":213,"siteUsers":205,"ctr":5.562378097233259,"cpc":0.03594805194805195}