{"spend":7.33,"impressions":4446,"clicks":274,"linkClicks":257,"igFollowers":372,"siteVisits":0,"siteUsers":0,"ctr":6.162843004948268,"cpc":0.026751824817518248}