{"spend":4.8,"impressions":2486,"clicks":126,"linkClicks":103,"igFollowers":372,"siteVisits":0,"siteUsers":0,"ctr":5.068382944489139,"cpc":0.03809523809523809}