{"spend":0.69,"impressions":244,"clicks":9,"linkClicks":7,"igFollowers":372,"siteVisits":0,"siteUsers":0,"ctr":3.6885245901639343,"cpc":0.07666666666666666}