{"spend":233.62,"impressions":40469,"clicks":1345,"linkClicks":957,"igFollowers":372,"siteVisits":0,"siteUsers":0,"ctr":3.323531592082829,"cpc":0.17369516728624534}