{"spend":0.11,"impressions":143,"clicks":3,"linkClicks":2,"igFollowers":372,"siteVisits":0,"siteUsers":0,"ctr":2.097902097902098,"cpc":0.03666666666666667}