{"spend":231.99,"impressions":39134,"clicks":1276,"linkClicks":889,"igFollowers":372,"siteVisits":253,"siteUsers":242,"ctr":3.26059181274595,"cpc":0.1818103448275862}