{"spend":2.31,"impressions":1473,"clicks":63,"linkClicks":59,"igFollowers":372,"siteVisits":0,"siteUsers":0,"ctr":4.276985743380855,"cpc":0.03666666666666667}