{"spend":29.41,"impressions":13814,"clicks":766,"linkClicks":642,"igFollowers":372,"siteVisits":246,"siteUsers":236,"ctr":5.545099174750254,"cpc":0.03839425587467363}