{"spend":10.45,"impressions":6376,"clicks":365,"linkClicks":345,"igFollowers":372,"siteVisits":0,"siteUsers":0,"ctr":5.7245922208281055,"cpc":0.028630136986301367}