{"spend":29.41,"impressions":13816,"clicks":766,"linkClicks":642,"igFollowers":371,"siteVisits":246,"siteUsers":236,"ctr":5.544296467863346,"cpc":0.03839425587467363}