{"spend":223.98000000000002,"impressions":34408,"clicks":996,"linkClicks":626,"igFollowers":372,"siteVisits":253,"siteUsers":242,"ctr":2.8946756568239946,"cpc":0.22487951807228918}