{"spend":2.31,"impressions":1476,"clicks":63,"linkClicks":59,"igFollowers":372,"siteVisits":0,"siteUsers":0,"ctr":4.2682926829268295,"cpc":0.03666666666666667}