{"spend":230.84,"impressions":38239,"clicks":1208,"linkClicks":819,"igFollowers":372,"siteVisits":253,"siteUsers":242,"ctr":3.1590784277831534,"cpc":0.19109271523178809}