{"spend":8.89,"impressions":5692,"clicks":337,"linkClicks":321,"igFollowers":372,"siteVisits":0,"siteUsers":0,"ctr":5.920590302178496,"cpc":0.026379821958456975}