{"spend":226.63,"impressions":35507,"clicks":1048,"linkClicks":673,"igFollowers":372,"siteVisits":253,"siteUsers":242,"ctr":2.951530684090461,"cpc":0.21625}