{"spend":231.12,"impressions":38440,"clicks":1220,"linkClicks":836,"igFollowers":372,"siteVisits":0,"siteUsers":0,"ctr":3.1737773152965656,"cpc":0.18944262295081968}