{"spend":0.84,"impressions":285,"clicks":12,"linkClicks":9,"igFollowers":372,"siteVisits":0,"siteUsers":0,"ctr":4.2105263157894735,"cpc":0.06999999999999999}