{"spend":222.43,"impressions":33375,"clicks":942,"linkClicks":574,"igFollowers":372,"siteVisits":253,"siteUsers":242,"ctr":2.8224719101123594,"cpc":0.23612526539278134}