{"spend":1.86,"impressions":699,"clicks":38,"linkClicks":34,"igFollowers":372,"siteVisits":0,"siteUsers":0,"ctr":5.436337625178827,"cpc":0.048947368421052635}