{"spend":2.73,"impressions":1640,"clicks":68,"linkClicks":61,"igFollowers":372,"siteVisits":0,"siteUsers":0,"ctr":4.146341463414634,"cpc":0.04014705882352941}