{"spend":24.03,"impressions":12610,"clicks":703,"linkClicks":603,"igFollowers":372,"siteVisits":170,"siteUsers":163,"ctr":5.574940523394132,"cpc":0.03418207681365576}