{"spend":6.97,"impressions":4110,"clicks":245,"linkClicks":229,"igFollowers":372,"siteVisits":0,"siteUsers":0,"ctr":5.961070559610706,"cpc":0.028448979591836735}