{"spend":0.89,"impressions":453,"clicks":9,"linkClicks":4,"igFollowers":372,"siteVisits":0,"siteUsers":0,"ctr":1.9867549668874174,"cpc":0.09888888888888889}