{"spend":1.29,"impressions":1007,"clicks":43,"linkClicks":42,"igFollowers":372,"siteVisits":0,"siteUsers":0,"ctr":4.270109235352533,"cpc":0.030000000000000002}