{"spend":221.91,"impressions":33105,"clicks":938,"linkClicks":572,"igFollowers":371,"siteVisits":253,"siteUsers":242,"ctr":2.8334088506267934,"cpc":0.2365778251599147}